{
  "cleaning_timestamp": "2025-06-19T14:37:22.998215",
  "original_shape": [
    1960393,
    36
  ],
  "final_shape": [
    1905890,
    37
  ],
  "rows_removed": 54503,
  "columns_removed": -1,
  "memory_before_mb": 1170.7920246124268,
  "memory_after_mb": 829.3769817352295,
  "missing_values_handled": 30,
  "outliers_capped": 2,
  "categorical_columns_optimized": 2
}