{
  "cleaning_timestamp": "2025-06-24T13:41:30.295288",
  "original_shape": [
    100000,
    36
  ],
  "final_shape": [
    100000,
    38
  ],
  "rows_removed": 0,
  "columns_added": 2,
  "memory_before_mb": 58.30520248413086,
  "memory_after_mb": 64.50408554077148,
  "missing_values_handled": 12,
  "outliers_capped": 2,
  "categorical_columns_optimized": 2
}